{
	"axis_max" : 4.022921085357666,
	"axis_min" : -0.76341366767883301,
	"bounding_polygon" : 
	[
		[ 0.6509309513852526, 0.0, 0.6834473132326844 ],
		[ 0.5786428246917148, 0.0, 0.6892074266735244 ],
		[ 0.4625790337552154, 0.0, 0.6665777078297999 ],
		[ 0.2228544982251655, 0.0, 0.6168160446813649 ],
		[ 0.1669932060014131, 0.0, 0.6115495157201662 ],
		[ 0.1167895865303286, 0.0, 0.6257706054969348 ],
		[ 0.0634657721747383, 0.0, 0.623021658624539 ],
		[ 0.0568612343437236, 0.0, 0.5853892911207643 ],
		[ 0.1605399001237027, 0.0, 0.96228993255083017 ],
		[ 0.1956669387205228, 0.0, 0.95572746049785073 ],
		[ 0.2191318790575583, 0.0, 0.88734449982108754 ],
		[ 0.2484881847925919, 0.0, 0.87042807267013633 ],
		[ 0.6891234157295827, 0.0, 0.94140677988967603 ],
		[ 0.7328692490470647, 0.0, 0.98775740674840251 ],
		[ 0.7129337547575547, 0.0, 0.0398850034649203 ],
		[ 0.7592174072415405, 0.0, 0.0692940558509485 ],
		[ 0.7689216419453428, 0.0, 0.0953914441371593 ],
		[ 0.6851455625455669, 0.0, 0.6307334122162018 ],
		[ 0.6714776099981239, 0.0, 0.675524657088997 ],
		[ 0.6579576128816544, 0.0, 0.6819127849749496 ]
	],
	"class_name" : "SelectionPolygonVolume",
	"orthogonal_axis" : "Y",
	"version_major" : 1,
	"version_minor" : 0
}